experiment,time_aligned,force_time,force_raw_0,force_cal_0,wheel_time,wheel_cal_0,wheel_cal_1,wheel_cal_2,wheel_raw_0,wheel_raw_1,wheel_raw_2,force_index,force_frame,force_sample,wheel_index,wheel_frame,wheel_sample,force_source_file,wheel_source_file
5,0.000000000,0.00502597,2327,0.0371796,0.01,0,0,0,0,0,0,0,10,0,0,10,0,20260922-100553_Force.csv,20260922-101122_Wheel.csv
5,0.010000000,0.0150779,2326,0.0455129,0.02,0,0,0,0,0,0,2,10,2,1,10,1,20260922-100553_Force.csv,20260922-101122_Wheel.csv
5,0.020000000,0.0251299,2327,0.0371796,0.03,0,0,0,0,0,0,4,13,0,2,10,2,20260922-100553_Force.csv,20260922-101122_Wheel.csv
5,0.030000000,0.0351818,2327,0.0371796,0.04,0,0,0,0,0,0,6,14,0,3,10,3,20260922-100553_Force.csv,20260922-101122_Wheel.csv
5,0.040000000,0.0452338,2327,0.0371796,0.05,0,0,0,0,0,0,8,15,0,4,13,0,20260922-100553_Force.csv,20260922-101122_Wheel.csv
5,0.050000000,0.0552857,2327,0.0371796,0.06,0,0,0,0,0,0,10,16,0,5,14,0,20260922-100553_Force.csv,20260922-101122_Wheel.csv
5,0.060000000,0.0653377,2327,0.0371796,0.07,0,0,0,0,0,0,12,17,0,6,15,0,20260922-100553_Force.csv,20260922-101122_Wheel.csv
5,0.070000000,0.0753896,2327,0.0371796,0.08,0,0,0,0,0,0,14,18,0,7,16,0,20260922-100553_Force.csv,20260922-101122_Wheel.csv
5,0.080000000,0.0854416,2327,0.0371796,0.09,0,0,0,0,0,0,16,19,0,8,17,0,20260922-100553_Force.csv,20260922-101122_Wheel.csv
5,0.090000000,0.0954935,2328,0.0288462,0.1,0,0,0,0,0,0,18,20,0,9,18,0,20260922-100553_Force.csv,20260922-101122_Wheel.csv
5,0.100000000,0.105545,2327,0.0371796,0.11,0,0,0,0,0,0,20,21,0,10,19,0,20260922-100553_Force.csv,20260922-101122_Wheel.csv
5,0.110000000,0.115597,2326,0.0455129,0.12,0,0,0,0,0,0,22,22,0,11,20,0,20260922-100553_Force.csv,20260922-101122_Wheel.csv
5,0.120000000,0.125649,2326,0.0455129,0.13,0,0,0,0,0,0,24,23,0,12,21,0,20260922-100553_Force.csv,20260922-101122_Wheel.csv
5,0.130000000,0.135701,2326,0.0455129,0.14,0,0,0,0,0,0,26,24,0,13,22,0,20260922-100553_Force.csv,20260922-101122_Wheel.csv
5,0.140000000,0.145753,2325,0.0538462,0.15,0,0,0,0,0,0,28,25,0,14,23,0,20260922-100553_Force.csv,20260922-101122_Wheel.csv
5,0.150000000,0.155805,2325,0.0538462,0.16,0,0,0,0,0,0,30,26,0,15,24,0,20260922-100553_Force.csv,20260922-101122_Wheel.csv
5,0.160000000,0.165857,2325,0.0538462,0.17,0,0,0,0,0,0,32,26,2,16,25,0,20260922-100553_Force.csv,20260922-101122_Wheel.csv
5,0.170000000,0.175909,2325,0.0538462,0.18,0,0,0,0,0,0,34,28,0,17,26,0,20260922-100553_Force.csv,20260922-101122_Wheel.csv
5,0.180000000,0.185961,2325,0.0538462,0.19,0,0,0,0,0,0,36,29,0,18,27,0,20260922-100553_Force.csv,20260922-101122_Wheel.csv
5,0.190000000,0.196013,2325,0.0538462,0.2,0,0,0,0,0,0,38,30,0,19,28,0,20260922-100553_Force.csv,20260922-101122_Wheel.csv
5,0.200000000,0.206065,2326,0.0455129,0.21,0,0,0,0,0,0,40,31,0,20,30,0,20260922-100553_Force.csv,20260922-101122_Wheel.csv
5,0.210000000,0.216117,2325,0.0538462,0.22,0,0,0,0,0,0,42,32,0,21,31,0,20260922-100553_Force.csv,20260922-101122_Wheel.csv
5,0.220000000,0.226169,2325,0.0538462,0.23,0,0,0.0909091,0,0,0,44,33,0,22,32,0,20260922-100553_Force.csv,20260922-101122_Wheel.csv
5,0.230000000,0.236221,2324,0.0621796,0.24,0,0,0.254545,0,0,0,46,34,0,23,33,0,20260922-100553_Force.csv,20260922-101122_Wheel.csv
5,0.240000000,0.246273,2324,0.0621796,0.25,0,0,0.381818,0,0,0,48,35,0,24,34,0,20260922-100553_Force.csv,20260922-101122_Wheel.csv
5,0.250000000,0.256325,2323,0.0705129,0.26,0,0,0.563636,0,0,0,50,36,0,25,35,0,20260922-100553_Force.csv,20260922-101122_Wheel.csv
5,0.260000000,0.266377,2321,0.0871796,0.27,0,0,0.781818,0,0,0,52,37,0,26,36,0,20260922-100553_Force.csv,20260922-101122_Wheel.csv
5,0.270000000,0.276429,2321,0.0871796,0.28,0.0002,0.02,0.836364,0,0,0,54,38,0,27,37,0,20260922-100553_Force.csv,20260922-101122_Wheel.csv
5,0.280000000,0.286481,2320,0.0955129,0.29,0.0006,0.04,0.836364,0,0,0,56,39,0,28,38,0,20260922-100553_Force.csv,20260922-101122_Wheel.csv
5,0.290000000,0.296532,2320,0.0955129,0.3,0.001,0.04,0.872727,1,1,1,58,40,0,29,39,0,20260922-100553_Force.csv,20260922-101122_Wheel.csv
5,0.300000000,0.306584,2320,0.0955129,0.31,0.0016,0.06,0.836364,2,1,0,60,41,0,30,40,0,20260922-100553_Force.csv,20260922-101122_Wheel.csv
5,0.310000000,0.316636,2317,0.120513,0.32,0.0024,0.08,0.727273,2,0,-1,62,42,0,31,41,0,20260922-100553_Force.csv,20260922-101122_Wheel.csv
5,0.320000000,0.326688,2317,0.120513,0.33,0.003,0.06,0.636364,3,1,1,64,43,0,32,42,0,20260922-100553_Force.csv,20260922-101122_Wheel.csv
5,0.330000000,0.33674,2316,0.128846,0.34,0.0036,0.06,0.654545,4,1,0,66,44,0,33,43,0,20260922-100553_Force.csv,20260922-101122_Wheel.csv
5,0.340000000,0.346792,2319,0.103846,0.35,0.0044,0.08,0.690909,4,0,-1,68,45,0,34,44,0,20260922-100553_Force.csv,20260922-101122_Wheel.csv
5,0.350000000,0.356844,2319,0.103846,0.36,0.0052,0.08,0.745455,5,1,1,70,46,0,35,45,0,20260922-100553_Force.csv,20260922-101122_Wheel.csv
5,0.360000000,0.366896,2317,0.120513,0.37,0.006,0.08,0.909091,6,1,0,72,47,0,36,46,0,20260922-100553_Force.csv,20260922-101122_Wheel.csv
5,0.370000000,0.376948,2316,0.128846,0.38,0.007,0.1,1.09091,7,1,0,74,48,0,37,47,0,20260922-100553_Force.csv,20260922-101122_Wheel.csv
5,0.380000000,0.387,2314,0.145513,0.39,0.0082,0.12,1.09091,8,1,0,76,49,0,38,48,0,20260922-100553_Force.csv,20260922-101122_Wheel.csv
5,0.390000000,0.397052,2314,0.145513,0.4,0.0094,0.12,1.09091,9,1,0,78,49,2,39,49,0,20260922-100553_Force.csv,20260922-101122_Wheel.csv
5,0.400000000,0.407104,2313,0.153846,0.41,0.0108,0.14,1.09091,11,2,1,80,51,0,40,50,0,20260922-100553_Force.csv,20260922-101122_Wheel.csv
5,0.410000000,0.417156,2313,0.153846,0.42,0.0124,0.16,1,12,1,-1,82,52,0,41,51,0,20260922-100553_Force.csv,20260922-101122_Wheel.csv
5,0.420000000,0.427208,2312,0.16218,0.43,0.014,0.16,0.909091,14,2,1,84,53,0,42,52,0,20260922-100553_Force.csv,20260922-101122_Wheel.csv
5,0.430000000,0.43726,2312,0.16218,0.44,0.0156,0.16,0.818182,16,2,0,86,54,0,43,53,0,20260922-100553_Force.csv,20260922-101122_Wheel.csv
5,0.440000000,0.447312,2313,0.153846,0.45,0.0174,0.18,0.836364,17,1,-1,88,55,0,44,54,0,20260922-100553_Force.csv,20260922-101122_Wheel.csv
5,0.450000000,0.457364,2312,0.16218,0.46,0.0192,0.18,0.854545,19,2,1,90,56,0,45,55,0,20260922-100553_Force.csv,20260922-101122_Wheel.csv
5,0.460000000,0.467416,2312,0.16218,0.47,0.021,0.18,0.963636,21,2,0,92,57,0,46,56,0,20260922-100553_Force.csv,20260922-101122_Wheel.csv
5,0.470000000,0.477468,2312,0.16218,0.48,0.023,0.2,1.16364,23,2,0,94,58,0,47,57,0,20260922-100553_Force.csv,20260922-101122_Wheel.csv
5,0.480000000,0.487519,2312,0.16218,0.49,0.025,0.2,1.43636,25,2,0,96,59,0,48,58,0,20260922-100553_Force.csv,20260922-101122_Wheel.csv
5,0.490000000,0.492545,2311,0.170513,0.5,0.0272,0.22,1.65455,27,2,0,97,59,1,49,59,0,20260922-100553_Force.csv,20260922-101122_Wheel.csv
5,0.500000000,0.502597,2308,0.195513,0.51,0.0296,0.24,1.90909,29,2,0,99,60,1,50,60,0,20260922-100553_Force.csv,20260922-101122_Wheel.csv
5,0.510000000,0.512649,2309,0.18718,0.52,0.0322,0.26,2.18182,32,3,1,101,61,1,51,61,0,20260922-100553_Force.csv,20260922-101122_Wheel.csv
5,0.520000000,0.522701,2310,0.178846,0.53,0.035,0.28,2.43636,35,3,0,103,62,1,52,62,0,20260922-100553_Force.csv,20260922-101122_Wheel.csv
5,0.530000000,0.532753,2310,0.178846,0.54,0.0382,0.32,2.65455,38,3,0,105,63,1,53,63,0,20260922-100553_Force.csv,20260922-101122_Wheel.csv
5,0.540000000,0.542805,2311,0.170513,0.55,0.0416,0.34,2.81818,41,3,0,107,64,1,54,64,0,20260922-100553_Force.csv,20260922-101122_Wheel.csv
5,0.550000000,0.552857,2313,0.153846,0.56,0.0452,0.36,3,45,4,1,109,65,1,55,65,0,20260922-100553_Force.csv,20260922-101122_Wheel.csv
5,0.560000000,0.562909,2313,0.153846,0.57,0.0492,0.4,3.09091,49,4,0,111,66,1,56,66,0,20260922-100553_Force.csv,20260922-101122_Wheel.csv
5,0.570000000,0.572961,2316,0.128846,0.58,0.0536,0.44,3.18182,53,4,0,113,67,1,57,67,0,20260922-100553_Force.csv,20260922-101122_Wheel.csv
5,0.580000000,0.583013,2318,0.11218,0.59,0.0582,0.46,3.25455,58,5,1,115,68,1,58,68,0,20260922-100553_Force.csv,20260922-101122_Wheel.csv
5,0.590000000,0.593065,2320,0.0955129,0.6,0.0632,0.5,3.30909,63,5,0,117,69,1,59,69,0,20260922-100553_Force.csv,20260922-101122_Wheel.csv
5,0.600000000,0.603117,2320,0.0955129,0.61,0.0686,0.54,3.34545,68,5,0,119,70,0,60,70,0,20260922-100553_Force.csv,20260922-101122_Wheel.csv
5,0.610000000,0.613169,2324,0.0621796,0.62,0.0742,0.56,3.34545,74,6,1,121,71,1,61,71,0,20260922-100553_Force.csv,20260922-101122_Wheel.csv
5,0.620000000,0.623221,2324,0.0621796,0.63,0.0802,0.6,3.4,80,6,0,123,72,1,62,72,0,20260922-100553_Force.csv,20260922-101122_Wheel.csv
5,0.630000000,0.633273,2324,0.0621796,0.64,0.0866,0.64,3.41818,86,6,0,125,73,1,63,73,0,20260922-100553_Force.csv,20260922-101122_Wheel.csv
5,0.640000000,0.643325,2327,0.0371796,0.65,0.0932,0.66,3.49091,93,7,1,127,74,1,64,74,0,20260922-100553_Force.csv,20260922-101122_Wheel.csv
5,0.650000000,0.653377,2326,0.0455129,0.66,0.1002,0.7,3.50909,100,7,0,129,75,1,65,75,0,20260922-100553_Force.csv,20260922-101122_Wheel.csv
5,0.660000000,0.663429,2329,0.0205129,0.67,0.1076,0.74,3.58182,107,7,0,131,76,1,66,76,0,20260922-100553_Force.csv,20260922-101122_Wheel.csv
5,0.670000000,0.673481,2331,0.00384623,0.68,0.1154,0.78,3.50909,115,8,1,133,77,1,67,77,0,20260922-100553_Force.csv,20260922-101122_Wheel.csv
5,0.680000000,0.683532,2336,-0.0378204,0.69,0.1234,0.8,3.49091,123,8,0,135,78,1,68,78,0,20260922-100553_Force.csv,20260922-101122_Wheel.csv
5,0.690000000,0.693584,2337,-0.0461538,0.7,0.132,0.86,3.34545,132,9,1,137,79,1,69,79,0,20260922-100553_Force.csv,20260922-101122_Wheel.csv
5,0.700000000,0.703636,2335,-0.0294871,0.71,0.1408,0.88,3.09091,140,8,-1,139,80,1,70,80,0,20260922-100553_Force.csv,20260922-101122_Wheel.csv
5,0.710000000,0.713688,2333,-0.0128204,0.72,0.15,0.92,2.74545,150,10,2,141,81,1,71,81,0,20260922-100553_Force.csv,20260922-101122_Wheel.csv
5,0.720000000,0.72374,2328,0.0288462,0.73,0.1594,0.94,2.34545,159,9,-1,143,82,1,72,82,0,20260922-100553_Force.csv,20260922-101122_Wheel.csv
5,0.730000000,0.733792,2326,0.0455129,0.74,0.1692,0.98,2.01818,169,10,1,145,83,1,73,83,0,20260922-100553_Force.csv,20260922-101122_Wheel.csv
5,0.740000000,0.743844,2325,0.0538462,0.75,0.179,0.98,1.58182,179,10,0,147,84,1,74,84,0,20260922-100553_Force.csv,20260922-101122_Wheel.csv
5,0.750000000,0.753896,2329,0.0205129,0.76,0.189,1,1.27273,189,10,0,149,85,1,75,85,0,20260922-100553_Force.csv,20260922-101122_Wheel.csv
5,0.760000000,0.763948,2329,0.0205129,0.77,0.199,1,1.01818,199,10,0,151,86,1,76,86,0,20260922-100553_Force.csv,20260922-101122_Wheel.csv
5,0.770000000,0.774,2325,0.0538462,0.78,0.209,1,0.836364,209,10,0,153,87,1,77,87,0,20260922-100553_Force.csv,20260922-101122_Wheel.csv
5,0.780000000,0.784052,2317,0.120513,0.79,0.2192,1.02,0.472727,219,10,0,155,88,1,78,88,0,20260922-100553_Force.csv,20260922-101122_Wheel.csv
5,0.790000000,0.794104,2315,0.13718,0.8,0.2294,1.02,0.272727,229,10,0,157,89,1,79,89,0,20260922-100553_Force.csv,20260922-101122_Wheel.csv
5,0.800000000,0.804156,2312,0.16218,0.81,0.2396,1.02,0.0545455,240,11,1,159,90,1,80,90,0,20260922-100553_Force.csv,20260922-101122_Wheel.csv
5,0.810000000,0.814208,2315,0.13718,0.82,0.25,1.04,-0.254545,250,10,-1,161,91,1,81,91,0,20260922-100553_Force.csv,20260922-101122_Wheel.csv
5,0.820000000,0.82426,2315,0.13718,0.83,0.2604,1.04,-0.618182,260,10,0,163,92,1,82,92,0,20260922-100553_Force.csv,20260922-101122_Wheel.csv
5,0.830000000,0.834312,2312,0.16218,0.84,0.2704,1,-0.927273,271,11,1,165,93,1,83,93,0,20260922-100553_Force.csv,20260922-101122_Wheel.csv
5,0.840000000,0.844364,2314,0.145513,0.85,0.2804,1,-1.16364,281,10,-1,167,94,1,84,94,0,20260922-100553_Force.csv,20260922-101122_Wheel.csv
5,0.850000000,0.854416,2311,0.170513,0.86,0.2904,1,-1.4,290,9,-1,169,95,1,85,95,0,20260922-100553_Force.csv,20260922-101122_Wheel.csv
5,0.860000000,0.864468,2310,0.178846,0.87,0.3,0.96,-1.61818,300,10,1,171,96,1,86,96,0,20260922-100553_Force.csv,20260922-101122_Wheel.csv
5,0.870000000,0.874519,2310,0.178846,0.88,0.3094,0.94,-1.6,310,10,0,173,97,1,87,97,0,20260922-100553_Force.csv,20260922-101122_Wheel.csv
5,0.880000000,0.884571,2312,0.16218,0.89,0.3188,0.94,-1.43636,319,9,-1,175,98,1,88,98,0,20260922-100553_Force.csv,20260922-101122_Wheel.csv
5,0.890000000,0.894623,2308,0.195513,0.9,0.328,0.92,-1.43636,328,9,0,177,99,1,89,99,0,20260922-100553_Force.csv,20260922-101122_Wheel.csv
5,0.900000000,0.904675,2310,0.178846,0.91,0.337,0.9,-1.49091,337,9,0,179,100,1,90,100,0,20260922-100553_Force.csv,20260922-101122_Wheel.csv
5,0.910000000,0.914727,2316,0.128846,0.92,0.3458,0.88,-1.38182,346,9,0,181,101,1,91,101,0,20260922-100553_Force.csv,20260922-101122_Wheel.csv
5,0.920000000,0.924779,2312,0.16218,0.93,0.3546,0.88,-1.50909,355,9,0,183,102,1,92,102,0,20260922-100553_Force.csv,20260922-101122_Wheel.csv
5,0.930000000,0.934831,2313,0.153846,0.94,0.3634,0.88,-1.67273,363,8,-1,185,103,1,93,103,0,20260922-100553_Force.csv,20260922-101122_Wheel.csv
5,0.940000000,0.944883,2310,0.178846,0.95,0.372,0.86,-1.76364,372,9,1,187,104,1,94,104,0,20260922-100553_Force.csv,20260922-101122_Wheel.csv
5,0.950000000,0.954935,2312,0.16218,0.96,0.3802,0.82,-1.78182,381,9,0,189,105,1,95,105,0,20260922-100553_Force.csv,20260922-101122_Wheel.csv
5,0.960000000,0.964987,2312,0.16218,0.97,0.3884,0.82,-1.92727,389,8,-1,191,106,1,96,106,0,20260922-100553_Force.csv,20260922-101122_Wheel.csv
5,0.970000000,0.975039,2312,0.16218,0.98,0.3962,0.78,-2,396,7,-1,193,107,1,97,107,0,20260922-100553_Force.csv,20260922-101122_Wheel.csv
5,0.980000000,0.985091,2311,0.170513,0.99,0.4038,0.76,-2.09091,404,8,1,195,108,1,98,108,0,20260922-100553_Force.csv,20260922-101122_Wheel.csv
5,0.990000000,0.995143,2311,0.170513,1,0.4112,0.74,-1.98182,411,7,-1,197,109,1,99,109,0,20260922-100553_Force.csv,20260922-101122_Wheel.csv
5,1.000000000,1.00519,2312,0.16218,1.01,0.4186,0.74,-1.87273,419,8,1,199,110,1,100,110,0,20260922-100553_Force.csv,20260922-101122_Wheel.csv
5,1.010000000,1.01525,2312,0.16218,1.02,0.4256,0.7,-1.87273,426,7,-1,201,111,1,101,111,0,20260922-100553_Force.csv,20260922-101122_Wheel.csv
5,1.020000000,1.0253,2311,0.170513,1.03,0.4326,0.7,-1.78182,433,7,0,203,112,1,102,112,0,20260922-100553_Force.csv,20260922-101122_Wheel.csv
5,1.030000000,1.03535,2312,0.16218,1.04,0.4392,0.66,-1.70909,439,6,-1,205,113,1,103,113,0,20260922-100553_Force.csv,20260922-101122_Wheel.csv
5,1.040000000,1.0454,2311,0.170513,1.05,0.4458,0.66,-1.76364,446,7,1,207,114,1,104,114,0,20260922-100553_Force.csv,20260922-101122_Wheel.csv
5,1.050000000,1.05545,2312,0.16218,1.06,0.4522,0.64,-1.83636,452,6,-1,209,115,1,105,115,0,20260922-100553_Force.csv,20260922-101122_Wheel.csv
5,1.060000000,1.06551,2312,0.16218,1.07,0.4584,0.62,-1.72727,459,7,1,211,116,1,106,116,0,20260922-100553_Force.csv,20260922-101122_Wheel.csv
5,1.070000000,1.07556,2313,0.153846,1.08,0.4644,0.6,-1.74545,465,6,-1,213,117,1,107,117,0,20260922-100553_Force.csv,20260922-101122_Wheel.csv
5,1.080000000,1.08561,2311,0.170513,1.09,0.4704,0.6,-1.69091,470,5,-1,215,118,1,108,118,0,20260922-100553_Force.csv,20260922-101122_Wheel.csv
5,1.090000000,1.09566,2311,0.170513,1.1,0.476,0.56,-1.76364,476,6,1,217,119,1,109,119,0,20260922-100553_Force.csv,20260922-101122_Wheel.csv
5,1.100000000,1.10571,2311,0.170513,1.11,0.4814,0.54,-1.76364,482,6,0,219,120,1,110,120,0,20260922-100553_Force.csv,20260922-101122_Wheel.csv
5,1.110000000,1.11577,2312,0.16218,1.12,0.4868,0.54,-1.78182,487,5,-1,221,121,1,111,121,0,20260922-100553_Force.csv,20260922-101122_Wheel.csv
5,1.120000000,1.12582,2312,0.16218,1.13,0.492,0.52,-1.81818,492,5,0,223,122,1,112,122,0,20260922-100553_Force.csv,20260922-101122_Wheel.csv
5,1.130000000,1.13587,2310,0.178846,1.14,0.497,0.5,-1.87273,497,5,0,225,123,1,113,123,0,20260922-100553_Force.csv,20260922-101122_Wheel.csv
5,1.140000000,1.14592,2311,0.170513,1.15,0.5018,0.48,-1.74545,502,5,0,227,124,1,114,124,0,20260922-100553_Force.csv,20260922-101122_Wheel.csv
5,1.150000000,1.15597,2311,0.170513,1.16,0.5064,0.46,-1.74545,507,5,0,229,125,1,115,125,0,20260922-100553_Force.csv,20260922-101122_Wheel.csv
5,1.160000000,1.16603,2312,0.16218,1.17,0.5108,0.44,-1.78182,511,4,-1,231,126,1,116,126,0,20260922-100553_Force.csv,20260922-101122_Wheel.csv
5,1.170000000,1.17608,2312,0.16218,1.18,0.515,0.42,-1.74545,515,4,0,233,127,1,117,127,0,20260922-100553_Force.csv,20260922-101122_Wheel.csv
5,1.180000000,1.18613,2313,0.153846,1.19,0.519,0.4,-1.72727,519,4,0,235,128,1,118,128,0,20260922-100553_Force.csv,20260922-101122_Wheel.csv
5,1.190000000,1.19618,2311,0.170513,1.2,0.523,0.4,-1.72727,523,4,0,237,129,1,119,129,0,20260922-100553_Force.csv,20260922-101122_Wheel.csv
5,1.200000000,1.20623,2312,0.16218,1.21,0.5268,0.38,-1.74545,527,4,0,239,130,1,120,130,0,20260922-100553_Force.csv,20260922-101122_Wheel.csv
5,1.210000000,1.21629,2312,0.16218,1.22,0.5304,0.36,-1.69091,531,4,0,241,131,1,121,131,0,20260922-100553_Force.csv,20260922-101122_Wheel.csv
5,1.220000000,1.22634,2313,0.153846,1.23,0.5338,0.34,-1.67273,534,3,-1,243,132,1,122,132,0,20260922-100553_Force.csv,20260922-101122_Wheel.csv
5,1.230000000,1.23639,2314,0.145513,1.24,0.537,0.32,-1.69091,537,3,0,245,133,1,123,133,0,20260922-100553_Force.csv,20260922-101122_Wheel.csv
5,1.240000000,1.24644,2312,0.16218,1.25,0.54,0.3,-1.83636,540,3,0,247,134,1,124,134,0,20260922-100553_Force.csv,20260922-101122_Wheel.csv
5,1.250000000,1.25649,2311,0.170513,1.26,0.5428,0.28,-1.8,543,3,0,249,135,1,125,135,0,20260922-100553_Force.csv,20260922-101122_Wheel.csv
5,1.260000000,1.26655,2312,0.16218,1.27,0.5456,0.28,-1.78182,546,3,0,251,136,1,126,136,0,20260922-100553_Force.csv,20260922-101122_Wheel.csv
5,1.270000000,1.2766,2312,0.16218,1.28,0.5482,0.26,-1.78182,548,2,-1,253,137,1,127,137,0,20260922-100553_Force.csv,20260922-101122_Wheel.csv
5,1.280000000,1.28665,2311,0.170513,1.29,0.5506,0.24,-1.8,551,3,1,255,138,1,128,138,0,20260922-100553_Force.csv,20260922-101122_Wheel.csv
5,1.290000000,1.2967,2311,0.170513,1.3,0.5526,0.2,-1.74545,553,2,-1,257,139,1,129,139,0,20260922-100553_Force.csv,20260922-101122_Wheel.csv
5,1.300000000,1.30675,2312,0.16218,1.31,0.5546,0.2,-1.72727,555,2,0,259,140,1,130,140,0,20260922-100553_Force.csv,20260922-101122_Wheel.csv
5,1.310000000,1.31681,2311,0.170513,1.32,0.5564,0.18,-1.83636,556,1,-1,261,141,1,131,141,0,20260922-100553_Force.csv,20260922-101122_Wheel.csv
5,1.320000000,1.32686,2311,0.170513,1.33,0.558,0.16,-1.85455,558,2,1,263,142,1,132,142,0,20260922-100553_Force.csv,20260922-101122_Wheel.csv
5,1.330000000,1.33691,2311,0.170513,1.34,0.5594,0.14,-1.78182,560,2,0,265,143,1,133,143,0,20260922-100553_Force.csv,20260922-101122_Wheel.csv
5,1.340000000,1.34696,2311,0.170513,1.35,0.5608,0.14,-1.72727,561,1,-1,267,144,1,134,144,0,20260922-100553_Force.csv,20260922-101122_Wheel.csv
5,1.350000000,1.35701,2312,0.16218,1.36,0.562,0.12,-1.8,562,1,0,269,145,1,135,145,0,20260922-100553_Force.csv,20260922-101122_Wheel.csv
5,1.360000000,1.36706,2311,0.170513,1.37,0.5628,0.08,-1.70909,563,1,0,271,146,1,136,146,0,20260922-100553_Force.csv,20260922-101122_Wheel.csv
5,1.370000000,1.37712,2311,0.170513,1.38,0.5634,0.06,-1.56364,564,1,0,273,147,1,137,147,0,20260922-100553_Force.csv,20260922-101122_Wheel.csv
5,1.380000000,1.38717,2312,0.16218,1.39,0.564,0.06,-1.56364,564,0,-1,275,148,1,138,148,0,20260922-100553_Force.csv,20260922-101122_Wheel.csv
5,1.390000000,1.39722,2312,0.16218,1.4,0.5644,0.04,-1.50909,564,0,0,277,149,1,139,149,0,20260922-100553_Force.csv,20260922-101122_Wheel.csv
5,1.400000000,1.40727,2311,0.170513,1.41,0.5646,0.02,-1.4,565,1,1,279,150,1,140,150,0,20260922-100553_Force.csv,20260922-101122_Wheel.csv
5,1.410000000,1.41732,2310,0.178846,1.42,0.5648,0.02,-1.32727,565,0,-1,281,151,1,141,151,0,20260922-100553_Force.csv,20260922-101122_Wheel.csv
5,1.420000000,1.42738,2310,0.178846,1.43,0.565,0.02,-1.4,565,0,0,283,152,1,142,152,0,20260922-100553_Force.csv,20260922-101122_Wheel.csv
5,1.430000000,1.43743,2310,0.178846,1.44,0.5648,-0.02,-1.43636,565,0,0,285,153,1,143,153,0,20260922-100553_Force.csv,20260922-101122_Wheel.csv
5,1.440000000,1.44748,2310,0.178846,1.45,0.5646,-0.02,-1.43636,565,0,0,287,154,1,144,154,0,20260922-100553_Force.csv,20260922-101122_Wheel.csv
5,1.450000000,1.45753,2310,0.178846,1.46,0.5642,-0.04,-1.4,564,-1,-1,289,155,1,145,155,0,20260922-100553_Force.csv,20260922-101122_Wheel.csv
5,1.460000000,1.46256,2311,0.170513,1.47,0.5636,-0.06,-1.34545,564,0,1,290,156,0,146,156,0,20260922-100553_Force.csv,20260922-101122_Wheel.csv
5,1.470000000,1.47261,2310,0.178846,1.48,0.5628,-0.08,-1.27273,563,-1,-1,292,157,0,147,157,0,20260922-100553_Force.csv,20260922-101122_Wheel.csv
5,1.480000000,1.48266,2311,0.170513,1.49,0.562,-0.08,-1.16364,562,-1,0,294,158,0,148,158,0,20260922-100553_Force.csv,20260922-101122_Wheel.csv
5,1.490000000,1.49271,2311,0.170513,1.5,0.561,-0.1,-1.12727,561,-1,0,296,159,0,149,159,0,20260922-100553_Force.csv,20260922-101122_Wheel.csv
5,1.500000000,1.50277,2311,0.170513,1.51,0.56,-0.1,-1.07273,560,-1,0,298,160,0,150,160,0,20260922-100553_Force.csv,20260922-101122_Wheel.csv
5,1.510000000,1.51282,2310,0.178846,1.52,0.559,-0.1,-1.09091,559,-1,0,300,161,0,151,161,0,20260922-100553_Force.csv,20260922-101122_Wheel.csv
5,1.520000000,1.52287,2311,0.170513,1.53,0.5578,-0.12,-1.09091,558,-1,0,302,162,0,152,162,0,20260922-100553_Force.csv,20260922-101122_Wheel.csv
5,1.530000000,1.53292,2310,0.178846,1.54,0.5564,-0.14,-1,557,-1,0,304,163,0,153,163,0,20260922-100553_Force.csv,20260922-101122_Wheel.csv
5,1.540000000,1.54297,2311,0.170513,1.55,0.555,-0.14,-1.01818,555,-2,-1,306,164,0,154,164,0,20260922-100553_Force.csv,20260922-101122_Wheel.csv
5,1.550000000,1.55303,2310,0.178846,1.56,0.5534,-0.16,-1.03636,553,-2,0,308,165,0,155,165,0,20260922-100553_Force.csv,20260922-101122_Wheel.csv
5,1.560000000,1.56308,2311,0.170513,1.57,0.5516,-0.18,-0.963636,552,-1,1,310,166,0,156,166,0,20260922-100553_Force.csv,20260922-101122_Wheel.csv
5,1.570000000,1.57313,2310,0.178846,1.58,0.5498,-0.18,-0.890909,550,-2,-1,312,167,0,157,167,0,20260922-100553_Force.csv,20260922-101122_Wheel.csv
5,1.580000000,1.58318,2311,0.170513,1.59,0.5482,-0.16,-0.909091,548,-2,0,314,168,0,158,168,0,20260922-100553_Force.csv,20260922-101122_Wheel.csv
5,1.590000000,1.59323,2310,0.178846,1.6,0.5462,-0.2,-0.927273,546,-2,0,316,169,0,159,169,0,20260922-100553_Force.csv,20260922-101122_Wheel.csv
5,1.600000000,1.60329,2310,0.178846,1.61,0.5442,-0.2,-0.854545,545,-1,1,318,170,0,160,170,0,20260922-100553_Force.csv,20260922-101122_Wheel.csv
5,1.610000000,1.61334,2311,0.170513,1.62,0.5422,-0.2,-0.890909,542,-3,-2,320,171,0,161,171,0,20260922-100553_Force.csv,20260922-101122_Wheel.csv
5,1.620000000,1.62339,2311,0.170513,1.63,0.54,-0.22,-0.945454,540,-2,1,322,172,0,162,172,0,20260922-100553_Force.csv,20260922-101122_Wheel.csv
5,1.630000000,1.63344,2310,0.178846,1.64,0.5376,-0.24,-1.01818,538,-2,0,324,173,0,163,173,0,20260922-100553_Force.csv,20260922-101122_Wheel.csv
5,1.640000000,1.64349,2310,0.178846,1.65,0.5352,-0.24,-0.890909,535,-3,-1,326,174,0,164,174,0,20260922-100553_Force.csv,20260922-101122_Wheel.csv
5,1.650000000,1.65355,2310,0.178846,1.66,0.5328,-0.24,-0.963636,533,-2,1,328,175,0,165,175,0,20260922-100553_Force.csv,20260922-101122_Wheel.csv
5,1.660000000,1.6636,2310,0.178846,1.67,0.5302,-0.26,-1.03636,530,-3,-1,330,176,0,166,176,0,20260922-100553_Force.csv,20260922-101122_Wheel.csv
5,1.670000000,1.67365,2310,0.178846,1.68,0.5276,-0.26,-1,528,-2,1,332,177,0,167,177,0,20260922-100553_Force.csv,20260922-101122_Wheel.csv
5,1.680000000,1.6837,2310,0.178846,1.69,0.5248,-0.28,-1.05455,525,-3,-1,334,178,0,168,178,0,20260922-100553_Force.csv,20260922-101122_Wheel.csv
5,1.690000000,1.69375,2309,0.18718,1.7,0.522,-0.28,-1.10909,522,-3,0,336,179,0,169,179,0,20260922-100553_Force.csv,20260922-101122_Wheel.csv
5,1.700000000,1.70381,2310,0.178846,1.71,0.519,-0.3,-1.16364,519,-3,0,338,180,0,170,180,0,20260922-100553_Force.csv,20260922-101122_Wheel.csv
5,1.710000000,1.71386,2309,0.18718,1.72,0.5158,-0.32,-1.10909,516,-3,0,340,181,0,171,181,0,20260922-100553_Force.csv,20260922-101122_Wheel.csv
5,1.720000000,1.72391,2311,0.170513,1.73,0.5126,-0.32,-1.05455,513,-3,0,342,182,0,172,182,0,20260922-100553_Force.csv,20260922-101122_Wheel.csv
5,1.730000000,1.73396,2310,0.178846,1.74,0.5092,-0.34,-0.909091,509,-4,-1,344,183,0,173,183,0,20260922-100553_Force.csv,20260922-101122_Wheel.csv
5,1.740000000,1.74401,2310,0.178846,1.75,0.5058,-0.34,-0.963636,506,-3,1,346,184,0,174,184,0,20260922-100553_Force.csv,20260922-101122_Wheel.csv
5,1.750000000,1.75406,2310,0.178846,1.76,0.5022,-0.36,-0.909091,502,-4,-1,348,185,0,175,185,0,20260922-100553_Force.csv,20260922-101122_Wheel.csv
5,1.760000000,1.76412,2310,0.178846,1.77,0.4986,-0.36,-0.854545,499,-3,1,350,186,0,176,186,0,20260922-100553_Force.csv,20260922-101122_Wheel.csv
5,1.770000000,1.77417,2310,0.178846,1.78,0.495,-0.36,-0.909091,495,-4,-1,352,187,0,177,187,0,20260922-100553_Force.csv,20260922-101122_Wheel.csv
5,1.780000000,1.78422,2309,0.18718,1.79,0.4914,-0.36,-0.963636,491,-4,0,354,188,0,178,188,0,20260922-100553_Force.csv,20260922-101122_Wheel.csv
5,1.790000000,1.79427,2310,0.178846,1.8,0.4874,-0.4,-1.01818,488,-3,1,356,189,0,179,189,0,20260922-100553_Force.csv,20260922-101122_Wheel.csv
5,1.800000000,1.80432,2310,0.178846,1.81,0.4834,-0.4,-0.981818,484,-4,-1,358,190,0,180,190,0,20260922-100553_Force.csv,20260922-101122_Wheel.csv
5,1.810000000,1.81438,2310,0.178846,1.82,0.4794,-0.4,-1.05455,479,-5,-1,360,191,0,181,191,0,20260922-100553_Force.csv,20260922-101122_Wheel.csv
5,1.820000000,1.82443,2309,0.18718,1.83,0.4752,-0.42,-1.12727,475,-4,1,362,192,0,182,192,0,20260922-100553_Force.csv,20260922-101122_Wheel.csv
5,1.830000000,1.83448,2310,0.178846,1.84,0.4708,-0.44,-1.09091,471,-4,0,364,193,0,183,193,0,20260922-100553_Force.csv,20260922-101122_Wheel.csv
5,1.840000000,1.84453,2311,0.170513,1.85,0.4664,-0.44,-0.945455,467,-4,0,366,194,0,184,194,0,20260922-100553_Force.csv,20260922-101122_Wheel.csv
5,1.850000000,1.85458,2311,0.170513,1.86,0.462,-0.44,-1,462,-5,-1,368,195,0,185,195,0,20260922-100553_Force.csv,20260922-101122_Wheel.csv
5,1.860000000,1.86464,2311,0.170513,1.87,0.4574,-0.46,-0.963636,457,-5,0,370,196,0,186,196,0,20260922-100553_Force.csv,20260922-101122_Wheel.csv
5,1.870000000,1.87469,2311,0.170513,1.88,0.4526,-0.48,-0.927273,453,-4,1,372,197,0,187,197,0,20260922-100553_Force.csv,20260922-101122_Wheel.csv
5,1.880000000,1.88474,2310,0.178846,1.89,0.4478,-0.48,-0.890909,448,-5,-1,374,198,0,188,198,0,20260922-100553_Force.csv,20260922-101122_Wheel.csv
5,1.890000000,1.89479,2310,0.178846,1.9,0.443,-0.48,-0.963636,443,-5,0,376,199,0,189,199,0,20260922-100553_Force.csv,20260922-101122_Wheel.csv
5,1.900000000,1.90484,2309,0.18718,1.91,0.438,-0.5,-0.945454,438,-5,0,378,200,0,190,200,0,20260922-100553_Force.csv,20260922-101122_Wheel.csv
5,1.910000000,1.9149,2311,0.170513,1.92,0.433,-0.5,-0.927273,433,-5,0,380,201,0,191,201,0,20260922-100553_Force.csv,20260922-101122_Wheel.csv
5,1.920000000,1.92495,2310,0.178846,1.93,0.4278,-0.52,-0.909091,428,-5,0,382,202,0,192,202,0,20260922-100553_Force.csv,20260922-101122_Wheel.csv
5,1.930000000,1.935,2310,0.178846,1.94,0.4226,-0.52,-1,423,-5,0,384,203,0,193,203,0,20260922-100553_Force.csv,20260922-101122_Wheel.csv
5,1.940000000,1.94505,2310,0.178846,1.95,0.4172,-0.54,-1,417,-6,-1,386,204,0,194,204,0,20260922-100553_Force.csv,20260922-101122_Wheel.csv
5,1.950000000,1.9551,2310,0.178846,1.96,0.4118,-0.54,-1,412,-5,1,388,205,0,195,205,0,20260922-100553_Force.csv,20260922-101122_Wheel.csv
5,1.960000000,1.96516,2311,0.170513,1.97,0.4062,-0.56,-1,406,-6,-1,390,206,0,196,206,0,20260922-100553_Force.csv,20260922-101122_Wheel.csv
5,1.970000000,1.97521,2310,0.178846,1.98,0.4006,-0.56,-1,401,-5,1,392,207,0,197,207,0,20260922-100553_Force.csv,20260922-101122_Wheel.csv
5,1.980000000,1.98526,2309,0.18718,1.99,0.3948,-0.58,-1,395,-6,-1,394,208,0,198,208,0,20260922-100553_Force.csv,20260922-101122_Wheel.csv
5,1.990000000,1.99531,2309,0.18718,2,0.389,-0.58,-1,389,-6,0,396,209,0,199,209,0,20260922-100553_Force.csv,20260922-101122_Wheel.csv
5,2.000000000,2.00536,2310,0.178846,2.01,0.383,-0.6,-1.09091,383,-6,0,398,210,0,200,210,0,20260922-100553_Force.csv,20260922-101122_Wheel.csv
5,2.010000000,2.01542,2308,0.195513,2.02,0.377,-0.6,-1.16364,377,-6,0,400,211,0,201,211,0,20260922-100553_Force.csv,20260922-101122_Wheel.csv
5,2.020000000,2.02547,2310,0.178846,2.03,0.3708,-0.62,-1.12727,371,-6,0,402,212,0,202,212,0,20260922-100553_Force.csv,20260922-101122_Wheel.csv
5,2.030000000,2.03552,2310,0.178846,2.04,0.3646,-0.62,-1.09091,365,-6,0,404,213,0,203,213,0,20260922-100553_Force.csv,20260922-101122_Wheel.csv
5,2.040000000,2.04557,2311,0.170513,2.05,0.3582,-0.64,-1.05455,358,-7,-1,406,214,0,204,214,0,20260922-100553_Force.csv,20260922-101122_Wheel.csv
5,2.050000000,2.05562,2310,0.178846,2.06,0.3516,-0.66,-0.927273,352,-6,1,408,215,0,205,215,0,20260922-100553_Force.csv,20260922-101122_Wheel.csv
5,2.060000000,2.06568,2310,0.178846,2.07,0.3448,-0.68,-0.818182,345,-7,-1,410,216,0,206,216,0,20260922-100553_Force.csv,20260922-101122_Wheel.csv
5,2.070000000,2.07573,2309,0.18718,2.08,0.3382,-0.66,-0.818182,338,-7,0,412,217,0,207,217,0,20260922-100553_Force.csv,20260922-101122_Wheel.csv
5,2.080000000,2.08578,2309,0.18718,2.09,0.3314,-0.68,-0.818182,331,-7,0,414,218,0,208,218,0,20260922-100553_Force.csv,20260922-101122_Wheel.csv
5,2.090000000,2.09583,2309,0.18718,2.1,0.3246,-0.68,-0.818182,325,-6,1,416,219,0,209,219,0,20260922-100553_Force.csv,20260922-101122_Wheel.csv
5,2.100000000,2.10588,2310,0.178846,2.11,0.3178,-0.68,-0.818182,318,-7,-1,418,220,0,210,220,0,20260922-100553_Force.csv,20260922-101122_Wheel.csv
5,2.110000000,2.11594,2309,0.18718,2.12,0.311,-0.68,-0.927273,311,-7,0,420,221,0,211,221,0,20260922-100553_Force.csv,20260922-101122_Wheel.csv
5,2.120000000,2.12599,2309,0.18718,2.13,0.3038,-0.72,-1.05455,304,-7,0,422,222,0,212,222,0,20260922-100553_Force.csv,20260922-101122_Wheel.csv
5,2.130000000,2.13604,2310,0.178846,2.14,0.2966,-0.72,-1.09091,297,-7,0,424,223,0,213,223,0,20260922-100553_Force.csv,20260922-101122_Wheel.csv
5,2.140000000,2.14609,2310,0.178846,2.15,0.2892,-0.74,-1.12727,289,-8,-1,426,224,0,214,224,0,20260922-100553_Force.csv,20260922-101122_Wheel.csv
5,2.150000000,2.15614,2310,0.178846,2.16,0.2818,-0.74,-1.16364,282,-7,1,428,225,0,215,225,0,20260922-100553_Force.csv,20260922-101122_Wheel.csv
5,2.160000000,2.16619,2311,0.170513,2.17,0.2742,-0.76,-1.09091,274,-8,-1,430,226,0,216,226,0,20260922-100553_Force.csv,20260922-101122_Wheel.csv
5,2.170000000,2.17625,2310,0.178846,2.18,0.2666,-0.76,-1,267,-7,1,432,227,0,217,227,0,20260922-100553_Force.csv,20260922-101122_Wheel.csv
5,2.180000000,2.1863,2311,0.170513,2.19,0.2588,-0.78,-1.09091,259,-8,-1,434,228,0,218,228,0,20260922-100553_Force.csv,20260922-101122_Wheel.csv
5,2.190000000,2.19635,2311,0.170513,2.2,0.251,-0.78,-1.16364,251,-8,0,436,229,0,219,229,0,20260922-100553_Force.csv,20260922-101122_Wheel.csv
5,2.200000000,2.2064,2310,0.178846,2.21,0.243,-0.8,-1.21818,243,-8,0,438,230,0,220,230,0,20260922-100553_Force.csv,20260922-101122_Wheel.csv
5,2.210000000,2.21645,2310,0.178846,2.22,0.235,-0.8,-1.25455,235,-8,0,440,231,0,221,231,0,20260922-100553_Force.csv,20260922-101122_Wheel.csv
5,2.220000000,2.22651,2309,0.18718,2.23,0.2268,-0.82,-1.27273,227,-8,0,442,232,0,222,232,0,20260922-100553_Force.csv,20260922-101122_Wheel.csv
5,2.230000000,2.23656,2311,0.170513,2.24,0.2184,-0.84,-1.18182,219,-8,0,444,233,0,223,233,0,20260922-100553_Force.csv,20260922-101122_Wheel.csv
5,2.240000000,2.24661,2310,0.178846,2.25,0.2098,-0.86,-1.09091,210,-9,-1,446,234,0,224,234,0,20260922-100553_Force.csv,20260922-101122_Wheel.csv
5,2.250000000,2.25666,2310,0.178846,2.26,0.2012,-0.86,-1,201,-9,0,448,235,0,225,235,0,20260922-100553_Force.csv,20260922-101122_Wheel.csv
5,2.260000000,2.26671,2312,0.16218,2.27,0.1924,-0.88,-0.909091,192,-9,0,450,236,0,226,236,0,20260922-100553_Force.csv,20260922-101122_Wheel.csv
5,2.270000000,2.27677,2312,0.16218,2.28,0.1836,-0.88,-0.727273,184,-8,1,452,237,0,227,237,0,20260922-100553_Force.csv,20260922-101122_Wheel.csv
5,2.280000000,2.28682,2310,0.178846,2.29,0.1748,-0.88,-0.654545,175,-9,-1,454,238,0,228,238,0,20260922-100553_Force.csv,20260922-101122_Wheel.csv
5,2.290000000,2.29687,2311,0.170513,2.3,0.166,-0.88,-0.690909,166,-9,0,456,239,0,229,239,0,20260922-100553_Force.csv,20260922-101122_Wheel.csv
5,2.300000000,2.30692,2312,0.16218,2.31,0.157,-0.9,-0.836364,157,-9,0,458,240,0,230,240,0,20260922-100553_Force.csv,20260922-101122_Wheel.csv
5,2.310000000,2.31697,2310,0.178846,2.32,0.148,-0.9,-0.890909,148,-9,0,460,241,0,231,241,0,20260922-100553_Force.csv,20260922-101122_Wheel.csv
5,2.320000000,2.32703,2311,0.170513,2.33,0.139,-0.9,-1.05455,139,-9,0,462,242,0,232,242,0,20260922-100553_Force.csv,20260922-101122_Wheel.csv
5,2.330000000,2.33708,2310,0.178846,2.34,0.1298,-0.92,-1.12727,130,-9,0,464,243,0,233,243,0,20260922-100553_Force.csv,20260922-101122_Wheel.csv
5,2.340000000,2.34713,2311,0.170513,2.35,0.1204,-0.94,-1.10909,121,-9,0,466,244,0,234,244,0,20260922-100553_Force.csv,20260922-101122_Wheel.csv
5,2.350000000,2.35718,2309,0.18718,2.36,0.1108,-0.96,-1,111,-10,-1,468,245,0,235,245,0,20260922-100553_Force.csv,20260922-101122_Wheel.csv
5,2.360000000,2.36723,2310,0.178846,2.37,0.1012,-0.96,-1.09091,101,-10,0,470,246,0,236,246,0,20260922-100553_Force.csv,20260922-101122_Wheel.csv
5,2.370000000,2.37729,2310,0.178846,2.38,0.0914,-0.98,-1.07273,91,-10,0,472,247,0,237,247,0,20260922-100553_Force.csv,20260922-101122_Wheel.csv
5,2.380000000,2.38734,2308,0.195513,2.39,0.0816,-0.98,-0.945454,82,-9,1,474,248,0,238,248,0,20260922-100553_Force.csv,20260922-101122_Wheel.csv
5,2.390000000,2.39739,2312,0.16218,2.4,0.0718,-0.98,-0.909091,72,-10,-1,476,249,0,239,249,0,20260922-100553_Force.csv,20260922-101122_Wheel.csv
5,2.400000000,2.40744,2309,0.18718,2.41,0.062,-0.98,-0.963636,62,-10,0,478,250,0,240,250,0,20260922-100553_Force.csv,20260922-101122_Wheel.csv
5,2.410000000,2.41749,2308,0.195513,2.42,0.0518,-1.02,-1.01818,52,-10,0,480,251,0,241,251,0,20260922-100553_Force.csv,20260922-101122_Wheel.csv
5,2.420000000,2.42252,2311,0.170513,2.43,0.0416,-1.02,-1.07273,42,-10,0,481,251,1,242,252,0,20260922-100553_Force.csv,20260922-101122_Wheel.csv
5,2.430000000,2.43257,2311,0.170513,2.44,0.0314,-1.02,-1.21818,31,-11,-1,483,252,1,243,253,0,20260922-100553_Force.csv,20260922-101122_Wheel.csv
5,2.440000000,2.44262,2309,0.18718,2.45,0.021,-1.04,-1.16364,21,-10,1,485,253,1,244,254,0,20260922-100553_Force.csv,20260922-101122_Wheel.csv
5,2.450000000,2.45268,2308,0.195513,2.46,0.0104,-1.06,-0.836363,11,-10,0,487,254,1,245,255,0,20260922-100553_Force.csv,20260922-101122_Wheel.csv
5,2.460000000,2.46273,2309,0.18718,2.47,-0.0002,-1.06,-0.181818,0,-11,-1,489,255,1,246,0,0,20260922-100553_Force.csv,20260922-101122_Wheel.csv
5,2.470000000,2.47278,2307,0.203846,2.48,-0.011,-1.08,0.527273,-11,-11,0,491,0,1,247,1,0,20260922-100553_Force.csv,20260922-101122_Wheel.csv
5,2.480000000,2.48283,2310,0.178846,2.49,-0.022,-1.1,1.41818,-22,-11,0,493,1,1,248,2,0,20260922-100553_Force.csv,20260922-101122_Wheel.csv
5,2.490000000,2.49288,2310,0.178846,2.5,-0.0328,-1.08,2.43636,-33,-11,0,495,2,1,249,3,0,20260922-100553_Force.csv,20260922-101122_Wheel.csv
5,2.500000000,2.50294,2311,0.170513,2.51,-0.0432,-1.04,3.32727,-44,-11,0,497,3,1,250,4,0,20260922-100553_Force.csv,20260922-101122_Wheel.csv
5,2.510000000,2.51299,2302,0.245513,2.52,-0.053,-0.98,3.94545,-54,-10,1,499,4,1,251,5,0,20260922-100553_Force.csv,20260922-101122_Wheel.csv
5,2.520000000,2.52304,2344,-0.104487,2.53,-0.0622,-0.92,4.45455,-63,-9,1,501,5,1,252,6,0,20260922-100553_Force.csv,20260922-101122_Wheel.csv
5,2.530000000,2.53309,2349,-0.146154,2.54,-0.0708,-0.86,4.70909,-71,-8,1,503,6,1,253,7,0,20260922-100553_Force.csv,20260922-101122_Wheel.csv
5,2.540000000,2.54314,2398,-0.554487,2.55,-0.0788,-0.8,4.47273,-79,-8,0,505,7,1,254,8,0,20260922-100553_Force.csv,20260922-101122_Wheel.csv
5,2.550000000,2.55319,2382,-0.421154,2.56,-0.0864,-0.76,4.03636,-87,-8,0,507,8,1,255,9,0,20260922-100553_Force.csv,20260922-101122_Wheel.csv
5,2.560000000,2.56325,2371,-0.329487,2.57,-0.0938,-0.74,3.50909,-94,-7,1,509,9,1,256,10,0,20260922-100553_Force.csv,20260922-101122_Wheel.csv
5,2.570000000,2.5733,2360,-0.23782,2.58,-0.1008,-0.7,2.92727,-101,-7,0,511,10,1,257,11,0,20260922-100553_Force.csv,20260922-101122_Wheel.csv
5,2.580000000,2.58335,2336,-0.0378204,2.59,-0.1074,-0.66,2.43636,-108,-7,0,513,11,1,258,12,0,20260922-100553_Force.csv,20260922-101122_Wheel.csv
5,2.590000000,2.5934,2321,0.0871796,2.6,-0.114,-0.66,2.07273,-114,-6,1,515,12,1,259,13,0,20260922-100553_Force.csv,20260922-101122_Wheel.csv
5,2.600000000,2.60345,2313,0.153846,2.61,-0.1204,-0.64,1.78182,-120,-6,0,517,13,1,260,14,0,20260922-100553_Force.csv,20260922-101122_Wheel.csv
5,2.610000000,2.61351,2312,0.16218,2.62,-0.1266,-0.62,1.6,-127,-7,-1,519,14,1,261,15,0,20260922-100553_Force.csv,20260922-101122_Wheel.csv
5,2.620000000,2.62356,2314,0.145513,2.63,-0.1328,-0.62,1.43636,-133,-6,1,521,15,1,262,16,0,20260922-100553_Force.csv,20260922-101122_Wheel.csv
5,2.630000000,2.63361,2312,0.16218,2.64,-0.1388,-0.6,1.21818,-139,-6,0,523,16,1,263,17,0,20260922-100553_Force.csv,20260922-101122_Wheel.csv
5,2.640000000,2.64366,2314,0.145513,2.65,-0.1446,-0.58,1.18182,-145,-6,0,525,17,1,264,18,0,20260922-100553_Force.csv,20260922-101122_Wheel.csv
5,2.650000000,2.65371,2314,0.145513,2.66,-0.1504,-0.58,1.12727,-150,-5,1,527,18,1,265,19,0,20260922-100553_Force.csv,20260922-101122_Wheel.csv
5,2.660000000,2.66377,2312,0.16218,2.67,-0.156,-0.56,1.05455,-156,-6,-1,529,19,1,266,20,0,20260922-100553_Force.csv,20260922-101122_Wheel.csv
5,2.670000000,2.67382,2310,0.178846,2.68,-0.1614,-0.54,0.981818,-162,-6,0,531,20,1,267,21,0,20260922-100553_Force.csv,20260922-101122_Wheel.csv
5,2.680000000,2.68387,2310,0.178846,2.69,-0.167,-0.56,0.909091,-167,-5,1,533,21,1,268,22,0,20260922-100553_Force.csv,20260922-101122_Wheel.csv
5,2.690000000,2.69392,2309,0.18718,2.7,-0.1724,-0.54,0.836364,-172,-5,0,535,22,1,269,23,0,20260922-100553_Force.csv,20260922-101122_Wheel.csv
5,2.700000000,2.70397,2311,0.170513,2.71,-0.1776,-0.52,0.872727,-178,-6,-1,537,23,1,270,24,0,20260922-100553_Force.csv,20260922-101122_Wheel.csv
5,2.710000000,2.71403,2314,0.145513,2.72,-0.1828,-0.52,0.818182,-183,-5,1,539,24,1,271,25,0,20260922-100553_Force.csv,20260922-101122_Wheel.csv
5,2.720000000,2.72408,2315,0.13718,2.73,-0.188,-0.52,0.872727,-188,-5,0,541,25,1,272,26,0,20260922-100553_Force.csv,20260922-101122_Wheel.csv
5,2.730000000,2.73413,2314,0.145513,2.74,-0.193,-0.5,0.945454,-193,-5,0,543,26,1,273,27,0,20260922-100553_Force.csv,20260922-101122_Wheel.csv
5,2.740000000,2.74418,2315,0.13718,2.75,-0.198,-0.5,0.927273,-198,-5,0,545,27,1,274,28,0,20260922-100553_Force.csv,20260922-101122_Wheel.csv
5,2.750000000,2.75423,2316,0.128846,2.76,-0.2028,-0.48,0.818182,-203,-5,0,547,28,1,275,29,0,20260922-100553_Force.csv,20260922-101122_Wheel.csv
5,2.760000000,2.76429,2315,0.13718,2.77,-0.2076,-0.48,0.836364,-208,-5,0,549,29,1,276,30,0,20260922-100553_Force.csv,20260922-101122_Wheel.csv
5,2.770000000,2.77434,2314,0.145513,2.78,-0.2122,-0.46,0.781818,-212,-4,1,551,30,1,277,31,0,20260922-100553_Force.csv,20260922-101122_Wheel.csv
5,2.780000000,2.78439,2311,0.170513,2.79,-0.2168,-0.46,0.745454,-217,-5,-1,553,31,1,278,32,0,20260922-100553_Force.csv,20260922-101122_Wheel.csv
5,2.790000000,2.79444,2310,0.178846,2.8,-0.2212,-0.44,0.727273,-221,-4,1,555,32,1,279,33,0,20260922-100553_Force.csv,20260922-101122_Wheel.csv
5,2.800000000,2.80449,2308,0.195513,2.81,-0.2258,-0.46,0.727273,-226,-5,-1,557,33,1,280,34,0,20260922-100553_Force.csv,20260922-101122_Wheel.csv
5,2.810000000,2.81455,2309,0.18718,2.82,-0.2302,-0.44,0.745455,-230,-4,1,559,34,1,281,35,0,20260922-100553_Force.csv,20260922-101122_Wheel.csv
5,2.820000000,2.8246,2310,0.178846,2.83,-0.2346,-0.44,0.690909,-235,-5,-1,561,35,1,282,36,0,20260922-100553_Force.csv,20260922-101122_Wheel.csv
5,2.830000000,2.83465,2310,0.178846,2.84,-0.2388,-0.42,0.672727,-239,-4,1,563,36,1,283,37,0,20260922-100553_Force.csv,20260922-101122_Wheel.csv
5,2.840000000,2.8447,2311,0.170513,2.85,-0.243,-0.42,0.6,-243,-4,0,565,37,1,284,38,0,20260922-100553_Force.csv,20260922-101122_Wheel.csv
5,2.850000000,2.85475,2311,0.170513,2.86,-0.247,-0.4,0.581818,-247,-4,0,567,38,1,285,39,0,20260922-100553_Force.csv,20260922-101122_Wheel.csv
5,2.860000000,2.86481,2312,0.16218,2.87,-0.251,-0.4,0.509091,-251,-4,0,569,39,1,286,40,0,20260922-100553_Force.csv,20260922-101122_Wheel.csv
5,2.870000000,2.87486,2312,0.16218,2.88,-0.255,-0.4,0.472727,-255,-4,0,571,40,1,287,41,0,20260922-100553_Force.csv,20260922-101122_Wheel.csv
5,2.880000000,2.88491,2312,0.16218,2.89,-0.259,-0.4,0.472727,-259,-4,0,573,41,1,288,42,0,20260922-100553_Force.csv,20260922-101122_Wheel.csv
5,2.890000000,2.89496,2312,0.16218,2.9,-0.263,-0.4,0.6,-263,-4,0,575,42,1,289,43,0,20260922-100553_Force.csv,20260922-101122_Wheel.csv
5,2.900000000,2.90501,2312,0.16218,2.91,-0.267,-0.4,0.745454,-267,-4,0,577,43,1,290,44,0,20260922-100553_Force.csv,20260922-101122_Wheel.csv
5,2.910000000,2.91506,2311,0.170513,2.92,-0.2708,-0.38,0.818182,-271,-4,0,579,44,1,291,45,0,20260922-100553_Force.csv,20260922-101122_Wheel.csv
5,2.920000000,2.92512,2311,0.170513,2.93,-0.2746,-0.38,0.927273,-275,-4,0,581,45,1,292,46,0,20260922-100553_Force.csv,20260922-101122_Wheel.csv
5,2.930000000,2.93517,2312,0.16218,2.94,-0.2782,-0.36,1.05455,-278,-3,1,583,46,1,293,47,0,20260922-100553_Force.csv,20260922-101122_Wheel.csv
5,2.940000000,2.94522,2311,0.170513,2.95,-0.2816,-0.34,1.09091,-282,-4,-1,585,47,1,294,48,0,20260922-100553_Force.csv,20260922-101122_Wheel.csv
5,2.950000000,2.95527,2312,0.16218,2.96,-0.2848,-0.32,1.03636,-285,-3,1,587,48,1,295,49,0,20260922-100553_Force.csv,20260922-101122_Wheel.csv
5,2.960000000,2.96532,2312,0.16218,2.97,-0.2882,-0.34,0.981818,-288,-3,0,589,49,1,296,50,0,20260922-100553_Force.csv,20260922-101122_Wheel.csv
5,2.970000000,2.97538,2312,0.16218,2.98,-0.2914,-0.32,1.01818,-291,-3,0,591,50,1,297,51,0,20260922-100553_Force.csv,20260922-101122_Wheel.csv
5,2.980000000,2.98543,2312,0.16218,2.99,-0.2944,-0.3,0.854545,-295,-4,-1,593,51,1,298,52,0,20260922-100553_Force.csv,20260922-101122_Wheel.csv
5,2.990000000,2.99548,2312,0.16218,3,-0.2974,-0.3,0.8,-298,-3,1,595,52,1,299,53,0,20260922-100553_Force.csv,20260922-101122_Wheel.csv
5,3.000000000,3.00553,2312,0.16218,3.01,-0.3004,-0.3,0.763636,-300,-2,1,597,53,1,300,54,0,20260922-100553_Force.csv,20260922-101122_Wheel.csv
5,3.010000000,3.01558,2312,0.16218,3.02,-0.3032,-0.28,0.854545,-303,-3,-1,599,54,1,301,55,0,20260922-100553_Force.csv,20260922-101122_Wheel.csv
5,3.020000000,3.02564,2313,0.153846,3.03,-0.3058,-0.26,0.763636,-306,-3,0,601,55,1,302,55,1,20260922-100553_Force.csv,20260922-101122_Wheel.csv
5,3.030000000,3.03569,2312,0.16218,3.04,-0.3086,-0.28,0.690909,-309,-3,0,603,56,0,303,57,0,20260922-100553_Force.csv,20260922-101122_Wheel.csv
5,3.040000000,3.04574,2311,0.170513,3.05,-0.3112,-0.26,0.654545,-311,-2,1,605,57,1,304,58,0,20260922-100553_Force.csv,20260922-101122_Wheel.csv
5,3.050000000,3.05579,2311,0.170513,3.06,-0.3138,-0.26,0.654545,-314,-3,-1,607,58,0,305,59,0,20260922-100553_Force.csv,20260922-101122_Wheel.csv
5,3.060000000,3.06584,2311,0.170513,3.07,-0.3162,-0.24,0.581818,-316,-2,1,609,59,1,306,60,0,20260922-100553_Force.csv,20260922-101122_Wheel.csv
5,3.070000000,3.0759,2311,0.170513,3.08,-0.3186,-0.24,0.636364,-319,-3,-1,611,60,1,307,61,0,20260922-100553_Force.csv,20260922-101122_Wheel.csv
5,3.080000000,3.08595,2311,0.170513,3.09,-0.321,-0.24,0.818182,-321,-2,1,613,61,1,308,62,0,20260922-100553_Force.csv,20260922-101122_Wheel.csv
5,3.090000000,3.096,2310,0.178846,3.1,-0.3234,-0.24,0.818182,-323,-2,0,615,62,1,309,63,0,20260922-100553_Force.csv,20260922-101122_Wheel.csv
5,3.100000000,3.10605,2310,0.178846,3.11,-0.3256,-0.22,0.836364,-326,-3,-1,617,63,1,310,64,0,20260922-100553_Force.csv,20260922-101122_Wheel.csv
5,3.110000000,3.1161,2310,0.178846,3.12,-0.3278,-0.22,0.872727,-328,-2,1,619,64,1,311,65,0,20260922-100553_Force.csv,20260922-101122_Wheel.csv
5,3.120000000,3.12616,2310,0.178846,3.13,-0.3298,-0.2,0.927273,-330,-2,0,621,65,1,312,66,0,20260922-100553_Force.csv,20260922-101122_Wheel.csv
5,3.130000000,3.13621,2310,0.178846,3.14,-0.3316,-0.18,1,-332,-2,0,623,66,1,313,67,0,20260922-100553_Force.csv,20260922-101122_Wheel.csv
5,3.140000000,3.14626,2310,0.178846,3.15,-0.3334,-0.18,0.981818,-333,-1,1,625,67,1,314,68,0,20260922-100553_Force.csv,20260922-101122_Wheel.csv
5,3.150000000,3.15631,2310,0.178846,3.16,-0.3352,-0.18,0.963636,-335,-2,-1,627,68,1,315,69,0,20260922-100553_Force.csv,20260922-101122_Wheel.csv
5,3.160000000,3.16636,2310,0.178846,3.17,-0.3368,-0.16,0.945454,-337,-2,0,629,69,1,316,70,0,20260922-100553_Force.csv,20260922-101122_Wheel.csv
5,3.170000000,3.17642,2310,0.178846,3.18,-0.3384,-0.16,0.836364,-339,-2,0,631,70,1,317,71,0,20260922-100553_Force.csv,20260922-101122_Wheel.csv
5,3.180000000,3.18647,2310,0.178846,3.19,-0.3398,-0.14,0.745454,-340,-1,1,633,71,1,318,72,0,20260922-100553_Force.csv,20260922-101122_Wheel.csv
5,3.190000000,3.19652,2311,0.170513,3.2,-0.3412,-0.14,0.781818,-341,-1,0,635,72,1,319,73,0,20260922-100553_Force.csv,20260922-101122_Wheel.csv
5,3.200000000,3.20657,2311,0.170513,3.21,-0.3424,-0.12,0.836364,-342,-1,0,637,73,1,320,74,0,20260922-100553_Force.csv,20260922-101122_Wheel.csv
5,3.210000000,3.21662,2311,0.170513,3.22,-0.3436,-0.12,0.8,-344,-2,-1,639,74,1,321,75,0,20260922-100553_Force.csv,20260922-101122_Wheel.csv
5,3.220000000,3.22668,2312,0.16218,3.23,-0.3448,-0.12,0.781818,-345,-1,1,641,75,1,322,76,0,20260922-100553_Force.csv,20260922-101122_Wheel.csv
5,3.230000000,3.23673,2312,0.16218,3.24,-0.346,-0.12,0.690909,-346,-1,0,643,76,1,323,77,0,20260922-100553_Force.csv,20260922-101122_Wheel.csv
5,3.240000000,3.24678,2312,0.16218,3.25,-0.347,-0.1,0.636364,-347,-1,0,645,77,1,324,78,0,20260922-100553_Force.csv,20260922-101122_Wheel.csv
5,3.250000000,3.25683,2312,0.16218,3.26,-0.3478,-0.08,0.527273,-348,-1,0,647,78,1,325,79,0,20260922-100553_Force.csv,20260922-101122_Wheel.csv
5,3.260000000,3.26688,2311,0.170513,3.27,-0.3486,-0.08,0.563636,-349,-1,0,649,80,0,326,80,0,20260922-100553_Force.csv,20260922-101122_Wheel.csv
5,3.270000000,3.27694,2311,0.170513,3.28,-0.3494,-0.08,0.545455,-349,0,1,651,81,1,327,81,0,20260922-100553_Force.csv,20260922-101122_Wheel.csv
5,3.280000000,3.28699,2310,0.178846,3.29,-0.3502,-0.08,0.563636,-350,-1,-1,653,82,1,328,82,0,20260922-100553_Force.csv,20260922-101122_Wheel.csv
5,3.290000000,3.29704,2310,0.178846,3.3,-0.351,-0.08,0.6,-351,-1,0,655,83,1,329,83,0,20260922-100553_Force.csv,20260922-101122_Wheel.csv
5,3.300000000,3.30709,2310,0.178846,3.31,-0.3518,-0.08,0.563636,-352,-1,0,657,84,1,330,84,0,20260922-100553_Force.csv,20260922-101122_Wheel.csv
5,3.310000000,3.31714,2309,0.18718,3.32,-0.3524,-0.06,0.581818,-353,-1,0,659,85,1,331,85,0,20260922-100553_Force.csv,20260922-101122_Wheel.csv
5,3.320000000,3.32719,2308,0.195513,3.33,-0.353,-0.06,0.654545,-353,0,1,661,86,1,332,86,0,20260922-100553_Force.csv,20260922-101122_Wheel.csv
5,3.330000000,3.33725,2309,0.18718,3.34,-0.3534,-0.04,0.672727,-353,0,0,663,87,1,333,87,0,20260922-100553_Force.csv,20260922-101122_Wheel.csv
5,3.340000000,3.3473,2308,0.195513,3.35,-0.3536,-0.02,0.636364,-354,-1,-1,665,88,1,334,88,0,20260922-100553_Force.csv,20260922-101122_Wheel.csv
5,3.350000000,3.35735,2310,0.178846,3.36,-0.354,-0.04,0.636364,-354,0,1,667,89,1,335,89,0,20260922-100553_Force.csv,20260922-101122_Wheel.csv
5,3.360000000,3.3674,2310,0.178846,3.37,-0.3544,-0.04,0.563636,-354,0,0,669,90,1,336,90,0,20260922-100553_Force.csv,20260922-101122_Wheel.csv
5,3.370000000,3.37745,2311,0.170513,3.38,-0.3546,-0.02,0.527273,-355,-1,-1,671,91,0,337,91,0,20260922-100553_Force.csv,20260922-101122_Wheel.csv
5,3.380000000,3.38751,2310,0.178846,3.39,-0.3548,-0.02,0.436364,-355,0,1,673,92,1,338,92,0,20260922-100553_Force.csv,20260922-101122_Wheel.csv
5,3.390000000,3.39253,2310,0.178846,3.4,-0.355,-0.02,0.4,-355,0,0,674,93,0,339,93,0,20260922-100553_Force.csv,20260922-101122_Wheel.csv
5,3.400000000,3.40258,2310,0.178846,3.41,-0.355,0,0.436364,-355,0,0,676,94,0,340,94,0,20260922-100553_Force.csv,20260922-101122_Wheel.csv
5,3.410000000,3.41264,2310,0.178846,3.42,-0.355,0,0.345455,-355,0,0,678,95,0,341,95,0,20260922-100553_Force.csv,20260922-101122_Wheel.csv
5,3.420000000,3.42269,2310,0.178846,3.43,-0.355,0,0.218182,-355,0,0,680,96,0,342,96,0,20260922-100553_Force.csv,20260922-101122_Wheel.csv
5,3.430000000,3.43274,2311,0.170513,3.44,-0.355,0,0.163636,-355,0,0,682,97,0,343,97,0,20260922-100553_Force.csv,20260922-101122_Wheel.csv
5,3.440000000,3.44279,2310,0.178846,3.45,-0.355,0,0.0909091,-355,0,0,684,98,0,344,98,0,20260922-100553_Force.csv,20260922-101122_Wheel.csv
5,3.450000000,3.45284,2309,0.18718,3.46,-0.355,0,0,-355,0,0,686,99,0,345,99,0,20260922-100553_Force.csv,20260922-101122_Wheel.csv
5,3.460000000,3.4629,2310,0.178846,3.47,-0.355,0,0,-355,0,0,688,100,0,346,100,0,20260922-100553_Force.csv,20260922-101122_Wheel.csv
5,3.470000000,3.47295,2309,0.18718,3.48,-0.355,0,0,-355,0,0,690,101,0,347,101,0,20260922-100553_Force.csv,20260922-101122_Wheel.csv
5,3.480000000,3.483,2309,0.18718,3.49,-0.355,0,0,-355,0,0,692,102,0,348,102,0,20260922-100553_Force.csv,20260922-101122_Wheel.csv
5,3.490000000,3.49305,2309,0.18718,3.5,-0.355,0,0,-355,0,0,694,103,0,349,103,0,20260922-100553_Force.csv,20260922-101122_Wheel.csv
5,3.500000000,3.5031,2309,0.18718,3.51,-0.355,0,0,-355,0,0,696,104,0,350,104,0,20260922-100553_Force.csv,20260922-101122_Wheel.csv
5,3.510000000,3.51316,2309,0.18718,3.52,-0.355,0,0,-355,0,0,698,105,0,351,105,0,20260922-100553_Force.csv,20260922-101122_Wheel.csv
5,3.520000000,3.52321,2309,0.18718,3.53,-0.355,0,0,-355,0,0,700,106,0,352,106,0,20260922-100553_Force.csv,20260922-101122_Wheel.csv
5,3.530000000,3.53326,2309,0.18718,3.54,-0.355,0,0,-355,0,0,702,107,0,353,107,0,20260922-100553_Force.csv,20260922-101122_Wheel.csv
5,3.540000000,3.54331,2309,0.18718,3.55,-0.355,0,0,-355,0,0,704,108,0,354,108,0,20260922-100553_Force.csv,20260922-101122_Wheel.csv
5,3.550000000,3.55336,2309,0.18718,3.56,-0.355,0,0,-355,0,0,706,109,0,355,109,0,20260922-100553_Force.csv,20260922-101122_Wheel.csv
5,3.560000000,3.56342,2309,0.18718,3.57,-0.355,0,0,-355,0,0,708,110,0,356,110,0,20260922-100553_Force.csv,20260922-101122_Wheel.csv
5,3.570000000,3.57347,2309,0.18718,3.58,-0.355,0,0,-355,0,0,710,111,0,357,111,0,20260922-100553_Force.csv,20260922-101122_Wheel.csv
5,3.580000000,3.58352,2310,0.178846,3.59,-0.355,0,0,-355,0,0,712,112,0,358,112,0,20260922-100553_Force.csv,20260922-101122_Wheel.csv
5,3.590000000,3.59357,2310,0.178846,3.6,-0.355,0,0,-355,0,0,714,113,0,359,113,0,20260922-100553_Force.csv,20260922-101122_Wheel.csv
5,3.600000000,3.60362,2310,0.178846,3.61,-0.355,0,0,-355,0,0,716,114,0,360,114,0,20260922-100553_Force.csv,20260922-101122_Wheel.csv
5,3.610000000,3.61368,2310,0.178846,3.62,-0.355,0,0,-355,0,0,718,115,0,361,115,0,20260922-100553_Force.csv,20260922-101122_Wheel.csv
5,3.620000000,3.62373,2309,0.18718,3.63,-0.355,0,0,-355,0,0,720,116,0,362,116,0,20260922-100553_Force.csv,20260922-101122_Wheel.csv
5,3.630000000,3.63378,2309,0.18718,3.64,-0.355,0,0,-355,0,0,722,117,0,363,117,0,20260922-100553_Force.csv,20260922-101122_Wheel.csv
5,3.640000000,3.64383,2309,0.18718,3.65,-0.355,0,0,-355,0,0,724,118,0,364,118,0,20260922-100553_Force.csv,20260922-101122_Wheel.csv
5,3.650000000,3.65388,2308,0.195513,3.66,-0.355,0,0,-355,0,0,726,119,0,365,119,0,20260922-100553_Force.csv,20260922-101122_Wheel.csv
5,3.660000000,3.66394,2308,0.195513,3.67,-0.355,0,0,-355,0,0,728,120,0,366,120,0,20260922-100553_Force.csv,20260922-101122_Wheel.csv
5,3.670000000,3.67399,2309,0.18718,3.68,-0.355,0,0,-355,0,0,730,121,0,367,121,0,20260922-100553_Force.csv,20260922-101122_Wheel.csv
5,3.680000000,3.68404,2308,0.195513,3.69,-0.355,0,0,-355,0,0,732,122,0,368,122,0,20260922-100553_Force.csv,20260922-101122_Wheel.csv
5,3.690000000,3.69409,2308,0.195513,3.7,-0.355,0,0,-355,0,0,734,123,0,369,123,0,20260922-100553_Force.csv,20260922-101122_Wheel.csv
5,3.700000000,3.70414,2309,0.18718,3.71,-0.355,0,0,-355,0,0,736,124,0,370,124,0,20260922-100553_Force.csv,20260922-101122_Wheel.csv
5,3.710000000,3.71419,2308,0.195513,3.72,-0.355,0,0,-355,0,0,738,125,0,371,125,0,20260922-100553_Force.csv,20260922-101122_Wheel.csv
5,3.720000000,3.72425,2307,0.203846,3.73,-0.355,0,0,-355,0,0,740,126,0,372,126,0,20260922-100553_Force.csv,20260922-101122_Wheel.csv
5,3.730000000,3.7343,2308,0.195513,3.74,-0.355,0,0,-355,0,0,742,127,0,373,127,0,20260922-100553_Force.csv,20260922-101122_Wheel.csv
5,3.740000000,3.74435,2308,0.195513,3.75,-0.355,0,0,-355,0,0,744,128,0,374,128,0,20260922-100553_Force.csv,20260922-101122_Wheel.csv
5,3.750000000,3.7544,2308,0.195513,3.76,-0.355,0,0,-355,0,0,746,129,0,375,129,0,20260922-100553_Force.csv,20260922-101122_Wheel.csv
5,3.760000000,3.76445,2308,0.195513,3.77,-0.355,0,0,-355,0,0,748,130,0,376,130,0,20260922-100553_Force.csv,20260922-101122_Wheel.csv
5,3.770000000,3.77451,2308,0.195513,3.78,-0.355,0,0,-355,0,0,750,131,0,377,131,0,20260922-100553_Force.csv,20260922-101122_Wheel.csv
5,3.780000000,3.78456,2309,0.18718,3.79,-0.355,0,0,-355,0,0,752,132,0,378,132,0,20260922-100553_Force.csv,20260922-101122_Wheel.csv
5,3.790000000,3.79461,2308,0.195513,3.8,-0.355,0,0,-355,0,0,754,133,0,379,133,0,20260922-100553_Force.csv,20260922-101122_Wheel.csv
5,3.800000000,3.80466,2308,0.195513,3.81,-0.355,0,0,-355,0,0,756,134,0,380,134,0,20260922-100553_Force.csv,20260922-101122_Wheel.csv
5,3.810000000,3.81471,2308,0.195513,3.82,-0.355,0,0,-355,0,0,758,135,0,381,135,0,20260922-100553_Force.csv,20260922-101122_Wheel.csv
5,3.820000000,3.82477,2308,0.195513,3.83,-0.355,0,0,-355,0,0,760,136,0,382,136,0,20260922-100553_Force.csv,20260922-101122_Wheel.csv
5,3.830000000,3.83482,2309,0.18718,3.84,-0.355,0,0,-355,0,0,762,137,0,383,137,0,20260922-100553_Force.csv,20260922-101122_Wheel.csv
5,3.840000000,3.84487,2308,0.195513,3.85,-0.355,0,0,-355,0,0,764,138,0,384,138,0,20260922-100553_Force.csv,20260922-101122_Wheel.csv
5,3.850000000,3.85492,2310,0.178846,3.86,-0.355,0,0,-355,0,0,766,139,0,385,139,0,20260922-100553_Force.csv,20260922-101122_Wheel.csv
5,3.860000000,3.86497,2308,0.195513,3.87,-0.355,0,0,-355,0,0,768,140,0,386,140,0,20260922-100553_Force.csv,20260922-101122_Wheel.csv
